{
  "version": 2,
  "created_at": "2026-07-05T10:53:33.189047+00:00",
  "label": "user",
  "password_salt": "GasfDxr73n7Wzle98D_lWzLJ",
  "password_hash": "VcMZ60TYMq_7sOjUHxX2CWQYFrjkQ_oLtZOcSQ5HYdg=",
  "password_length": 11,
  "threshold": 2.2,
  "feature_order": [
    "total_duration",
    "dwell.0",
    "dwell.1",
    "dwell.2",
    "dwell.3",
    "dwell.4",
    "dwell.5",
    "dwell.6",
    "dwell.7",
    "dwell.8",
    "dwell.9",
    "dwell.10",
    "flight_dd.0",
    "flight_ud.0",
    "flight_dd.1",
    "flight_ud.1",
    "flight_dd.2",
    "flight_ud.2",
    "flight_dd.3",
    "flight_ud.3",
    "flight_dd.4",
    "flight_ud.4",
    "flight_dd.5",
    "flight_ud.5",
    "flight_dd.6",
    "flight_ud.6",
    "flight_dd.7",
    "flight_ud.7",
    "flight_dd.8",
    "flight_ud.8",
    "flight_dd.9",
    "flight_ud.9",
    "shift.left.active.0",
    "shift.right.active.0",
    "shift.left.overlap.0",
    "shift.right.overlap.0",
    "shift.left.lead.0",
    "shift.right.lead.0",
    "shift.left.lag.0",
    "shift.right.lag.0"
  ],
  "stats": {
    "total_duration": {
      "n": 6,
      "mean": 1483.2672080010525,
      "m2": 534432.1276347868,
      "stdev": 326.9348949362202
    },
    "dwell.0": {
      "n": 6,
      "mean": 100.28497916694808,
      "m2": 645.1391796200155,
      "stdev": 11.359042033728157
    },
    "dwell.1": {
      "n": 6,
      "mean": 71.01465966722269,
      "m2": 103.38841702367006,
      "stdev": 4.547272083868966
    },
    "dwell.2": {
      "n": 6,
      "mean": 76.87667383531031,
      "m2": 119.88799262507067,
      "stdev": 4.896692610835822
    },
    "dwell.3": {
      "n": 6,
      "mean": 86.7360695010575,
      "m2": 1712.1204893642594,
      "stdev": 18.504704749680602
    },
    "dwell.4": {
      "n": 6,
      "mean": 80.29111116775312,
      "m2": 358.31602252963046,
      "stdev": 8.465412246661476
    },
    "dwell.5": {
      "n": 6,
      "mean": 66.62942383384991,
      "m2": 3411.019476300245,
      "stdev": 26.119033199183484
    },
    "dwell.6": {
      "n": 6,
      "mean": 68.09860416615265,
      "m2": 111.51781064588069,
      "stdev": 4.722664727585067
    },
    "dwell.7": {
      "n": 6,
      "mean": 81.0487638336781,
      "m2": 131.47489023604604,
      "stdev": 5.127862912287068
    },
    "dwell.8": {
      "n": 6,
      "mean": 138.1272015023569,
      "m2": 3050.9678481409114,
      "stdev": 24.702096462207056
    },
    "dwell.9": {
      "n": 6,
      "mean": 137.88720150114386,
      "m2": 559.6461692362277,
      "stdev": 10.579661329515494
    },
    "dwell.10": {
      "n": 6,
      "mean": 86.22330550133483,
      "m2": 229.6644152471684,
      "stdev": 6.777380249730251
    },
    "flight_dd.0": {
      "n": 6,
      "mean": 332.63649283496005,
      "m2": 24998.255367741727,
      "stdev": 70.70821079300724
    },
    "flight_ud.0": {
      "n": 6,
      "mean": 232.35151366801196,
      "m2": 24872.10747066979,
      "stdev": 70.52957885975187
    },
    "flight_dd.1": {
      "n": 6,
      "mean": 115.63743049797874,
      "m2": 5554.454999286626,
      "stdev": 33.33003150099509
    },
    "flight_ud.1": {
      "n": 6,
      "mean": 44.62277083075605,
      "m2": 4804.0666093272275,
      "stdev": 30.996988916109988
    },
    "flight_dd.2": {
      "n": 6,
      "mean": 126.4156458346406,
      "m2": 1553.0598507029385,
      "stdev": 17.62418707743956
    },
    "flight_ud.2": {
      "n": 6,
      "mean": 49.53897199933029,
      "m2": 1870.7205944497107,
      "stdev": 19.34280535211845
    },
    "flight_dd.3": {
      "n": 6,
      "mean": 71.15022933309471,
      "m2": 12780.495147838878,
      "stdev": 50.55787801686079
    },
    "flight_ud.3": {
      "n": 6,
      "mean": -15.585840167962791,
      "m2": 8419.654115292218,
      "stdev": 41.03572617925073
    },
    "flight_dd.4": {
      "n": 6,
      "mean": 167.09829850151436,
      "m2": 7590.113478253901,
      "stdev": 38.961810733727205
    },
    "flight_ud.4": {
      "n": 6,
      "mean": 86.80718733376125,
      "m2": 7142.3316713992235,
      "stdev": 37.79505700855397
    },
    "flight_dd.5": {
      "n": 6,
      "mean": 231.722347165487,
      "m2": 459334.1318514021,
      "stdev": 303.09540803232306
    },
    "flight_ud.5": {
      "n": 6,
      "mean": 165.09292333163708,
      "m2": 536406.1128499863,
      "stdev": 327.53812384209147
    },
    "flight_dd.6": {
      "n": 6,
      "mean": 137.89520833355104,
      "m2": 140.81635327035687,
      "stdev": 5.306907824154417
    },
    "flight_ud.6": {
      "n": 6,
      "mean": 69.79660416739837,
      "m2": 97.8999454237809,
      "stdev": 4.424928144586778
    },
    "flight_dd.7": {
      "n": 6,
      "mean": 97.47838899905521,
      "m2": 2398.441325789412,
      "stdev": 21.901786802858858
    },
    "flight_ud.7": {
      "n": 6,
      "mean": 16.42962516537712,
      "m2": 1751.1853028755422,
      "stdev": 18.71462157178468
    },
    "flight_dd.8": {
      "n": 6,
      "mean": 34.64000016780725,
      "m2": 2917.8234819561912,
      "stdev": 24.157083772492868
    },
    "flight_ud.8": {
      "n": 6,
      "mean": -103.48720133454965,
      "m2": 474.30237585712837,
      "stdev": 9.739634242179
    },
    "flight_dd.9": {
      "n": 6,
      "mean": 82.36986083162871,
      "m2": 229.29189812097687,
      "stdev": 6.771881542392437
    },
    "flight_ud.9": {
      "n": 6,
      "mean": -55.51734066951516,
      "m2": 187.23956128403475,
      "stdev": 6.119469932666305
    },
    "shift.left.active.0": {
      "n": 6,
      "mean": 1.0,
      "m2": 0.0,
      "stdev": 0.0
    },
    "shift.right.active.0": {
      "n": 6,
      "mean": 0.0,
      "m2": 0.0,
      "stdev": 0.0
    },
    "shift.left.overlap.0": {
      "n": 6,
      "mean": 98.13914583355654,
      "m2": 480.9801079505321,
      "stdev": 9.807957054866545
    },
    "shift.right.overlap.0": {
      "n": 6,
      "mean": 0.0,
      "m2": 0.0,
      "stdev": 0.0
    },
    "shift.left.lead.0": {
      "n": 6,
      "mean": 182.45540983358902,
      "m2": 31330.37981069673,
      "stdev": 79.15854952018351
    },
    "shift.right.lead.0": {
      "n": 6,
      "mean": 0.0,
      "m2": 0.0,
      "stdev": 0.0
    },
    "shift.left.lag.0": {
      "n": 6,
      "mean": 1.63690266708727,
      "m2": 294.91827696451605,
      "stdev": 7.680081730873911
    },
    "shift.right.lag.0": {
      "n": 6,
      "mean": 0.0,
      "m2": 0.0,
      "stdev": 0.0
    }
  },
  "enrollment_attempts": 6,
  "discarded_attempts": 1,
  "adaptive_updates": 0
}
